CODE,Name,Qty,Unit
C5-01-0001,ICOM#1,1,Device
C5-01-0002,ICOM#2,1,Device
C5-01-0003,ICOM#3,1,Device
C5-01-0004,ICOM#4,1,Device
C5-01-0005,ICOM#5,1,Device
C5-01-0006,ICOM#6,1,Device
C5-01-0007,ICOM#7,1,Device
C5-01-0008,ICOM#8,1,Device
C5-01-0009,ICOM#9,1,Device
C5-01-0010,ICOM#10,1,Device
C5-01-0011,ICOM#11,1,Device
C5-01-0012,ICOM#12,1,Device
C5-01-0013,ICOM#13,1,Device
C5-01-0014,ICOM#14,1,Device
C5-01-0015,ICOM#15,1,Device
C5-01-0016,ICOM#16,1,Device
C5-01-0017,ICOM#17,1,Device
C5-01-0018,ICOM#18,1,Device
C5-01-0019,ICOM#19,1,Device
C5-01-0020,ICOM#20,1,Device
C5-01-0021,ICOM#21,1,Device
C5-01-0022,ICOM#22,1,Device
C5-01-0023,ICOM#23,1,Device
C5-01-0024,ICOM#24,1,Device
C5-01-0025,ICOM#25,1,Device
C5-01-0026,ICOM#26,1,Device
C5-01-0027,ICOM#27,1,Device
C5-01-0028,ICOM#28,1,Device
C5-01-0029,ICOM#29,1,Device
C5-01-0030,ICOM#30,1,Device
C5-01-0031,ICOM#31,1,Device
C5-01-0032,ICOM#32,1,Device
C5-01-0033,ICOM#33,1,Device
C5-01-0034,ICOM#34,1,Device
C5-01-0035,ICOM#35,1,Device
C5-01-0036,ICOM#36,1,Device
C5-01-0037,ICOM#37,1,Device
C5-01-0038,ICOM#38,1,Device
C5-01-0039,ICOM#39,1,Device
C5-01-0040,ICOM#40,1,Device
C5-01-0041,ICOM#41,1,Device
C5-01-0042,ICOM#42,1,Device
C5-01-0043,ICOM#43,1,Device
C5-01-0044,ICOM#44,1,Device
C5-01-0045,ICOM#45,1,Device
C5-01-0046,ICOM#46,1,Device
C5-01-0047,ICOM#47,1,Device
C5-01-0048,ICOM#48,1,Device
C5-01-0049,ICOM#49,1,Device
C5-01-0050,ICOM#50,1,Device
C5-01-0051,ICOM#51,1,Device
C5-01-0052,ICOM#52,1,Device
C5-01-0053,ICOM#53,1,Device
C5-01-0054,ICOM#54,1,Device
C5-01-0055,ICOM#55,1,Device
C5-02-0001,Earphone#1,1,pcs
C5-02-0002,Earphone#2,1,pcs
C5-02-0003,Earphone#3,1,pcs
C5-02-0004,Earphone#4,1,pcs
C5-02-0005,Earphone#5,1,pcs
C5-02-0006,Earphone#6,1,pcs
C5-02-0007,Earphone#7,1,pcs
C5-02-0008,Earphone#8,1,pcs
C5-02-0009,Earphone#9,1,pcs
C5-02-0010,Earphone#10,1,pcs
C5-02-0011,Earphone#11,1,pcs
C5-02-0012,Earphone#12,1,pcs
C5-02-0013,Earphone#13,1,pcs
C5-02-0014,Earphone#14,1,pcs
C5-02-0015,Earphone#15,1,pcs
C5-02-0016,Earphone#16,1,pcs
C5-02-0017,Earphone#17,1,pcs
C5-02-0018,Earphone#18,1,pcs
C5-02-0019,Earphone#19,1,pcs
C5-02-0020,Earphone#20,1,pcs
C5-02-0021,Earphone#21,1,pcs
C5-02-0022,Earphone#22,1,pcs
C5-02-0023,Earphone#23,1,pcs
C5-02-0024,Earphone#24,1,pcs
C5-02-0025,Earphone#25,1,pcs
C5-02-0026,Earphone#26,1,pcs
C5-02-0027,Earphone#27,1,pcs
C5-02-0028,Earphone#28,1,pcs
C5-02-0029,Earphone#29,1,pcs
C5-02-0030,Earphone#30,1,pcs
C5-02-0031,Earphone#31,1,pcs
C5-02-0032,Earphone#32,1,pcs
C5-02-0033,Earphone#33,1,pcs
C5-02-0034,Earphone#34,1,pcs
C5-02-0035,Earphone#35,1,pcs
C5-02-0036,Earphone#36,1,pcs
C5-02-0037,Earphone#37,1,pcs
C5-02-0038,Earphone#38,1,pcs
C5-02-0039,Earphone#39,1,pcs
C5-02-0040,Earphone#40,1,pcs
C5-02-0041,Earphone#41,1,pcs
C5-02-0042,Earphone#42,1,pcs
C5-02-0043,Earphone#43,1,pcs
C5-02-0044,Earphone#44,1,pcs
C5-02-0045,Earphone#45,1,pcs
C5-02-0046,Earphone#46,1,pcs
C5-02-0047,Earphone#47,1,pcs
C5-02-0048,Earphone#48,1,pcs
C5-02-0049,Earphone#49,1,pcs
C5-02-0050,Earphone#50,1,pcs
C5-02-0051,Earphone#51,1,pcs
C5-02-0052,Earphone#52,1,pcs
C5-02-0053,Earphone#53,1,pcs
C5-02-0054,Earphone#54,1,pcs
C5-02-0055,Earphone#55,1,pcs
C5-03-0001,Charger#1,1,pcs
C5-03-0002,Charger#2,1,pcs
C5-03-0003,Charger#3,1,pcs
C5-03-0004,Charger#4,1,pcs
C5-03-0005,Charger#5,1,pcs
C5-03-0006,Charger#6,1,pcs
C5-03-0007,Charger#7,1,pcs
C5-03-0008,Charger#8,1,pcs
C5-03-0009,Charger#9,1,pcs
C5-03-0010,Charger#10,1,pcs
C5-03-0011,Charger#11,1,pcs
C5-03-0012,Charger#12,1,pcs
C5-03-0013,Charger#13,1,pcs
C5-03-0014,Charger#14,1,pcs
C5-03-0015,Charger#15,1,pcs
C5-03-0016,Charger#16,1,pcs
C5-03-0017,Charger#17,1,pcs
C5-03-0018,Charger#18,1,pcs
C5-03-0019,Charger#19,1,pcs
C5-03-0020,Charger#20,1,pcs
C5-03-0021,Charger#21,1,pcs
C5-03-0022,Charger#22,1,pcs
C5-03-0023,Charger#23,1,pcs
C5-03-0024,Charger#24,1,pcs
C5-03-0025,Charger#25,1,pcs
C5-03-0026,Charger#26,1,pcs
C5-03-0027,Charger#27,1,pcs
C5-03-0028,Charger#28,1,pcs
C5-03-0029,Charger#29,1,pcs
C5-03-0030,Charger#30,1,pcs
C5-03-0031,Charger#31,1,pcs
C5-03-0032,Charger#32,1,pcs
C5-03-0033,Charger#33,1,pcs
C5-03-0034,Charger#34,1,pcs
C5-03-0035,Charger#35,1,pcs
C5-03-0036,Charger#36,1,pcs
C5-03-0037,Charger#37,1,pcs
C5-03-0038,Charger#38,1,pcs
C5-03-0039,Charger#39,1,pcs
C5-03-0040,Charger#40,1,pcs
C5-03-0041,Charger#41,1,pcs
C5-03-0042,Charger#42,1,pcs
C5-03-0043,Charger#43,1,pcs
C5-03-0044,Charger#44,1,pcs
C5-03-0045,Charger#45,1,pcs
C5-03-0046,Charger#46,1,pcs
C5-03-0047,Charger#47,1,pcs
C5-03-0048,Charger#48,1,pcs
C5-03-0049,Charger#49,1,pcs
C5-03-0050,Charger#50,1,pcs
C5-03-0051,Charger#51,1,pcs
C5-03-0052,Charger#52,1,pcs
C5-03-0053,Charger#53,1,pcs
C5-03-0054,Charger#54,1,pcs
C5-03-0055,Charger#55,1,pcs